﻿<?xml version="1.0" encoding="utf-8" ?>

<MainMenu>
  <SuperAdmin>
    <Group Text="NADZOR" font="bold" align="center" ImageUrl="~/Images/Arrow-right.png">
      <Link NavigateUrl="~/Home.aspx" Text="Nadzorna plošča" ImageUrl="~/Images/dashboard.png" />
    </Group>
    <Group Text="POVPRAŠEVANJE" font="bold" align="center" ImageUrl="~/Images/Arrow-right.png">
      <Link NavigateUrl="~/Pages/Inquiry/InquiryTable.aspx" Text="Pregled povpraševanj" ImageUrl="~/Images/inquiry.png" />
    </Group>
    <Group Text="NABAVA" font="bold" align="center" ImageUrl="~/Images/Arrow-right.png">
      <Link NavigateUrl="~/Pages/Order/PurchaseTable.aspx" Text="Pregled za nabavo" ImageUrl="~/Images/magnifier.png" />
    </Group>

    <Group Text="NAROČILA" font="bold" align="center" ImageUrl="~/Images/Arrow-right.png">
      <Link NavigateUrl="~/Pages/Order/OrderTable.aspx" Text="Pregled oddanih naročil" ImageUrl="~/Images/order.png" />
    </Group>

    <Group Text="ŠIFRANTI" font="bold" align="center" ImageUrl="~/Images/Arrow-right.png">
      <Link NavigateUrl="~/Pages/Client/Client.aspx" Text="Dobavitelji, kupci" ImageUrl="~/Images/clients.png" />
      <Link NavigateUrl="~/Pages/Employee/EmployeeTable.aspx" Text="Zaposleni" ImageUrl="~/Images/employee.png" />
    </Group>

    <Group Text="ADMIN" font="bold" align="center" ImageUrl="~/Images/Arrow-right.png">
      <Link NavigateUrl="~/Pages/Settings/SettingsForm.aspx" Text="Nastavitve" ImageUrl="~/Images/settings.png" />
      <Link NavigateUrl="~/Pages/Settings/Admin.aspx" Text="Admin" ImageUrl="~/Images/settings.png" />
      <Link NavigateUrl="~/Pages/Settings/SystemEmailTable.aspx" Text="Sistemska pošta" ImageUrl="~/Images/systemEmail.png" />
      <!--<Link NavigateUrl="~/Pages/Settings/RunSQLString.aspx" Text="Zaženi SQL" ImageUrl="~/Images/systemEmail.png" />-->
    </Group>
  </SuperAdmin>

  <Admin>
    <Group Text="NADZOR" font="bold" align="center" ImageUrl="~/Images/Arrow-right.png">
      <Link NavigateUrl="~/Home.aspx" Text="Nadzorna plošča" ImageUrl="~/Images/dashboard.png" />
    </Group>
    <Group Text="POVPRAŠEVANJE" font="bold" align="center" ImageUrl="~/Images/Arrow-right.png">
      <Link NavigateUrl="~/Pages/Inquiry/InquiryTable.aspx" Text="Pregled povpraševanj" ImageUrl="~/Images/magnifier.png" />
    </Group>

    <Group Text="NAROČILA" font="bold" align="center" ImageUrl="~/Images/Arrow-right.png">
      <Link NavigateUrl="~/Pages/Order/OrderTable.aspx" Text="Pregled oddanih naročil" ImageUrl="~/Images/order.png" />
    </Group>
    <Group Text="NABAVA" font="bold" align="center" ImageUrl="~/Images/Arrow-right.png">
      <Link NavigateUrl="~/Pages/Order/PurchaseTable.aspx" Text="Pregled za nabavo" ImageUrl="~/Images/inquiry.png" />
    </Group>
    <Group Text="ŠIFRANTI" font="bold" align="center" ImageUrl="~/Images/Arrow-right.png">
      <Link NavigateUrl="~/Pages/Client/Client.aspx" Text="Dobavitelji, kupci" ImageUrl="~/Images/clients.png" />
      <Link NavigateUrl="~/Pages/Employee/EmployeeTable.aspx" Text="Zaposleni" ImageUrl="~/Images/employee.png" />
    </Group>

    <Group Text="ADMIN" font="bold" align="center" ImageUrl="~/Images/Arrow-right.png">
      <Link NavigateUrl="~/Pages/Settings/SettingsForm.aspx" Text="Nastavitve" ImageUrl="~/Images/settings.png" />
      <Link NavigateUrl="~/Pages/Settings/Admin.aspx" Text="Admin" ImageUrl="~/Images/settings.png" />
      <Link NavigateUrl="~/Pages/Settings/SystemEmailTable.aspx" Text="Sistemska pošta" ImageUrl="~/Images/systemEmail.png" />
    </Group>
  </Admin>

  <Leader>
    <Group Text="NADZOR" font="bold" align="center" ImageUrl="~/Images/Arrow-right.png">
      <Link NavigateUrl="~/Home.aspx" Text="Nadzorna plošča" ImageUrl="~/Images/dashboard.png" />
    </Group>

    <Group Text="POVPRAŠEVANJE" font="bold" align="center" ImageUrl="~/Images/Arrow-right.png">
      <Link NavigateUrl="~/Pages/Inquiry/InquiryTable.aspx" Text="Pregled povpraševanj" ImageUrl="~/Images/inquiry.png" />
    </Group>
    <Group Text="NABAVA" font="bold" align="center" ImageUrl="~/Images/Arrow-right.png">
      <Link NavigateUrl="~/Pages/Order/PurchaseTable.aspx" Text="Pregled za nabavo" ImageUrl="~/Images/magnifier.png" />
    </Group>
    <Group Text="NAROČILA" font="bold" align="center" ImageUrl="~/Images/Arrow-right.png">
      <Link NavigateUrl="~/Pages/Order/OrderTable.aspx" Text="Pregled oddanih naročil" ImageUrl="~/Images/order.png" />
    </Group>

    <Group Text="ŠIFRANTI" font="bold" align="center" ImageUrl="~/Images/Arrow-right.png">
      <Link NavigateUrl="~/Pages/Client/Client.aspx" Text="Dobavitelji, kupci" ImageUrl="~/Images/clients.png" />
      <Link NavigateUrl="~/Pages/Employee/EmployeeTable.aspx" Text="Zaposleni" ImageUrl="~/Images/employee.png" />
    </Group>
  </Leader>

  <User>
    <Group Text="NADZOR" font="bold" align="center" ImageUrl="~/Images/Arrow-right.png">
      <Link NavigateUrl="~/Home.aspx" Text="Nadzorna plošča" ImageUrl="~/Images/dashboard.png" />
    </Group>

    <Group Text="POVPRAŠEVANJE" font="bold" align="center" ImageUrl="~/Images/Arrow-right.png">
      <Link NavigateUrl="~/Pages/Inquiry/InquiryTable.aspx" Text="Pregled povpraševanj" ImageUrl="~/Images/inquiry.png" />
    </Group>
    <Group Text="NABAVA" font="bold" align="center" ImageUrl="~/Images/Arrow-right.png">
      <Link NavigateUrl="~/Pages/Order/PurchaseTable.aspx" Text="Pregled za nabavo" ImageUrl="~/Images/magnifier.png" />
    </Group>
    <Group Text="NAROČILA" font="bold" align="center" ImageUrl="~/Images/Arrow-right.png">
      <Link NavigateUrl="~/Pages/Order/OrderTable.aspx" Text="Pregled oddanih naročil" ImageUrl="~/Images/order.png" />
    </Group>

    <Group Text="ŠIFRANTI" font="bold" align="center" ImageUrl="~/Images/Arrow-right.png">
      <Link NavigateUrl="~/Pages/Client/Client.aspx" Text="Dobavitelji, kupci" ImageUrl="~/Images/clients.png" />
      <!--<Link NavigateUrl="~/Pages/Employee/EmployeeTable.aspx" Text="Zaposleni" ImageUrl="~/Images/employee.png" />-->
    </Group>
  </User>
</MainMenu>
